modelo,epochs,Train Accuracy,Val Accuracy,Test Accuracy,Train F1,Val F1,Test F1
modelo_3,120,0.4693554764729142,0.4881516587677725,0.4585308056872038,0.468898628664974,0.4872141458598376,0.4603658268473747
modelo_2_simple,110,0.5152234084618427,0.5071090047393365,0.5225118483412322,0.4761522498645055,0.4757252740601514,0.4930119488155099
modelo_3_simple,120,0.7445630684064848,0.7369668246445498,0.7144549763033176,0.7235724112811717,0.7117408961908099,0.6908432197417858
modelo_4_simple,160,0.8797943851324634,0.8661137440758294,0.8590047393364929,0.8770482881179523,0.8598345599047713,0.8544451436723852
modelo_5_simple,140,0.6931593515223409,0.6943127962085308,0.6682464454976303,0.666094401196581,0.666809170724461,0.6422876215241019
